{
  "model_name": "LogReg-L1",
  "features": [
    "Age",
    "Tumor_size_cm",
    "Positive_axillary_lymph_nodes",
    "ER_percent",
    "PR_percent",
    "Ki67",
    "HER2_IHC_Status",
    "Menopause",
    "Grade",
    "pT",
    "pN",
    "PR_status",
    "PAM50",
    "Adjuvant_chemotherapy",
    "Adjuvant_radiotherapy",
    "Adjuvant_endocrine_therapy"
  ],
  "per_class_auc": {
    "SNF1": 0.7706011408512505,
    "SNF2": 0.6073848529033364,
    "SNF3": 0.7500545573579691,
    "SNF4": 0.645816170413087
  },
  "per_class_auc_ci": {
    "SNF1": [
      0.7185505222013212,
      0.8242819877597328
    ],
    "SNF2": [
      0.5471710640891675,
      0.6818364136298918
    ],
    "SNF3": [
      0.69142214774706,
      0.8049555342311434
    ],
    "SNF4": [
      0.5674922470334754,
      0.7251930738700695
    ]
  },
  "macro_auc": 0.6934641803814108,
  "macro_auc_ci": [
    0.650341342296929,
    0.7346500432911525
  ],
  "fold_macro_auc": [
    0.7524084256960448,
    0.720342040053026,
    0.6756885989177706,
    0.7196301169754922,
    0.6503610457741351
  ],
  "classification_report": "              precision    recall  f1-score   support\n\n        SNF1      0.457     0.686     0.549        86\n        SNF2      0.441     0.292     0.351        89\n        SNF3      0.624     0.619     0.621       118\n        SNF4      0.457     0.362     0.404        58\n\n    accuracy                          0.510       351\n   macro avg      0.495     0.490     0.481       351\nweighted avg      0.509     0.510     0.499       351\n",
  "confusion_matrix": [
    [
      59,
      7,
      13,
      7
    ],
    [
      31,
      26,
      23,
      9
    ],
    [
      20,
      16,
      73,
      9
    ],
    [
      19,
      10,
      8,
      21
    ]
  ],
  "labels": [
    "SNF1",
    "SNF2",
    "SNF3",
    "SNF4"
  ],
  "n_samples": 351,
  "class_counts": {
    "SNF1": 86,
    "SNF2": 89,
    "SNF3": 118,
    "SNF4": 58
  }
}