{
  "model_name": "LogReg-L1",
  "features": [
    "Age",
    "Tumor_size_cm",
    "Positive_axillary_lymph_nodes",
    "ER_percent",
    "PR_percent",
    "Ki67",
    "HER2_IHC_Status",
    "Menopause",
    "Grade",
    "pT",
    "pN",
    "PR_status",
    "PAM50"
  ],
  "per_class_auc": {
    "SNF1": 0.7810881965774463,
    "SNF2": 0.6161334591302856,
    "SNF3": 0.7514003055212046,
    "SNF4": 0.6797693303518889
  },
  "per_class_auc_ci": {
    "SNF1": [
      0.7291679161577589,
      0.8329652695884611
    ],
    "SNF2": [
      0.5536547499199742,
      0.6912980603641476
    ],
    "SNF3": [
      0.6937006301848155,
      0.805270504462769
    ],
    "SNF4": [
      0.5997999391923907,
      0.7547011402136539
    ]
  },
  "macro_auc": 0.7070978228952064,
  "macro_auc_ci": [
    0.6661327082094787,
    0.7468101404700838
  ],
  "weighted_auc": 0.7125393731628704,
  "weighted_auc_ci": [
    0.6730811014606455,
    0.7518575928782617
  ],
  "fold_macro_auc": [
    0.7777886330192705,
    0.7336850431160739,
    0.6879038460203113,
    0.7374481220525543,
    0.656540489161453
  ],
  "fold_weighted_auc": [
    0.7975095905323886,
    0.7299729625500262,
    0.688506352589861,
    0.7456445971697429,
    0.6658343473412204
  ],
  "classification_report": "              precision    recall  f1-score   support\n\n        SNF1      0.470     0.721     0.569        86\n        SNF2      0.433     0.292     0.349        89\n        SNF3      0.615     0.636     0.625       118\n        SNF4      0.514     0.328     0.400        58\n\n    accuracy                          0.519       351\n   macro avg      0.508     0.494     0.486       351\nweighted avg      0.516     0.519     0.504       351\n",
  "confusion_matrix": [
    [
      62,
      7,
      15,
      2
    ],
    [
      30,
      26,
      23,
      10
    ],
    [
      21,
      16,
      75,
      6
    ],
    [
      19,
      11,
      9,
      19
    ]
  ],
  "labels": [
    "SNF1",
    "SNF2",
    "SNF3",
    "SNF4"
  ],
  "n_samples": 351,
  "class_counts": {
    "SNF1": 86,
    "SNF2": 89,
    "SNF3": 118,
    "SNF4": 58
  }
}