{
  "patient_id": "ME",
  "input": {
    "Age": 45,
    "Tumor_size_cm": 2.2,
    "Positive_axillary_lymph_nodes": 0,
    "ER_percent": 90,
    "PR_percent": 80,
    "Ki67": 20,
    "HER2_IHC_Status": 1,
    "Menopause": "No",
    "Grade": 2,
    "pT": "pT2",
    "pN": "pN0",
    "PR_status": "Positive",
    "PAM50": null,
    "Adjuvant_chemotherapy": null,
    "Adjuvant_radiotherapy": null,
    "Adjuvant_endocrine_therapy": null
  },
  "predicted_subtype": "SNF2",
  "probabilities": {
    "SNF1": 0.2654109634491268,
    "SNF2": 0.3117085043868734,
    "SNF3": 0.17268298145002867,
    "SNF4": 0.25019755071397104
  },
  "subtype_description": "Immunogenic(免疫激活):免疫细胞浸润高,可能从免疫治疗联合中获益,预后中等偏好。",
  "model_cv_metrics": {
    "per_class_auc": {
      "SNF1": 0.7810881965774463,
      "SNF2": 0.6161334591302856,
      "SNF3": 0.7514003055212046,
      "SNF4": 0.6797693303518889
    },
    "per_class_auc_ci": {
      "SNF1": [
        0.7291679161577589,
        0.8329652695884611
      ],
      "SNF2": [
        0.5536547499199742,
        0.6912980603641476
      ],
      "SNF3": [
        0.6937006301848155,
        0.805270504462769
      ],
      "SNF4": [
        0.5997999391923907,
        0.7547011402136539
      ]
    },
    "macro_auc": 0.7070978228952064,
    "macro_auc_ci": [
      0.6661327082094787,
      0.7468101404700838
    ],
    "fold_macro_auc": [
      0.7777886330192705,
      0.7336850431160739,
      0.6879038460203113,
      0.7374481220525543,
      0.656540489161453
    ],
    "classification_report": "              precision    recall  f1-score   support\n\n        SNF1      0.470     0.721     0.569        86\n        SNF2      0.433     0.292     0.349        89\n        SNF3      0.615     0.636     0.625       118\n        SNF4      0.514     0.328     0.400        58\n\n    accuracy                          0.519       351\n   macro avg      0.508     0.494     0.486       351\nweighted avg      0.516     0.519     0.504       351\n",
    "confusion_matrix": [
      [
        62,
        7,
        15,
        2
      ],
      [
        30,
        26,
        23,
        10
      ],
      [
        21,
        16,
        75,
        6
      ],
      [
        19,
        11,
        9,
        19
      ]
    ],
    "labels": [
      "SNF1",
      "SNF2",
      "SNF3",
      "SNF4"
    ],
    "n_samples": 351,
    "class_counts": {
      "SNF1": 86,
      "SNF2": 89,
      "SNF3": 118,
      "SNF4": 58
    }
  }
}