endpoint,label,n_total,n_events,cv_c_index,cv_c_index_lo,cv_c_index_hi,train_c_index,test_c_index,partial_hazard,p_2y,p_5y,p_10y
OS,总生存(OS),578,81,0.718516030384538,0.6835511855672673,0.7534808752018087,0.7832392832392833,0.7239863214460186,0.8704312365468545,0.9924649339318993,0.9542545905285784,0.8082652354663591
RFS,无复发生存(RFS),575,156,0.730936724076481,0.7097510408979616,0.7521224072550005,0.7856875980770668,0.7664071190211346,0.9646203361642517,0.9363849689306211,0.8201194436474524,0.7672902997294694
DMFS,无远处转移生存(DMFS),566,141,0.7694833324420645,0.742426773071219,0.79653989181291,0.8025671526183297,0.7939348744717872,0.8321025724358381,0.954239395082824,0.8670224922998561,0.8241473350529956
