{
  "patient_id": "ME",
  "with_treatment": true,
  "endpoints": {
    "OS": {
      "label": "总生存(OS)",
      "n_total": 578,
      "n_events": 81,
      "cv_c_index": 0.718516030384538,
      "cv_c_index_ci": [
        0.6835511855672673,
        0.7534808752018087
      ],
      "train_c_index": 0.7832392832392833,
      "test_c_index": 0.7239863214460186,
      "partial_hazard": 0.8704312365468545,
      "median_survival_months": null,
      "milestones": {
        "p_survive_24mo": 0.9924649339318993,
        "p_survive_60mo": 0.9542545905285784,
        "p_survive_120mo": 0.8082652354663591
      },
      "times": [
        0.5,
        2.8141509762711863,
        5.1283019525423725,
        7.442452928813559,
        9.756603905084745,
        12.070754881355931,
        14.384905857627118,
        16.699056833898304,
        19.01320781016949,
        21.327358786440676,
        23.641509762711863,
        25.95566073898305,
        28.269811715254235,
        30.58396269152542,
        32.89811366779661,
        35.212264644067794,
        37.52641562033898,
        39.84056659661017,
        42.15471757288135,
        44.46886854915254,
        46.783019525423725,
        49.09717050169491,
        51.4113214779661,
        53.725472454237284,
        56.03962343050847,
        58.35377440677966,
        60.66792538305084,
        62.98207635932203,
        65.29622733559322,
        67.6103783118644,
        69.92452928813559,
        72.23868026440678,
        74.55283124067796,
        76.86698221694914,
        79.18113319322033,
        81.49528416949153,
        83.8094351457627,
        86.12358612203388,
        88.43773709830508,
        90.75188807457627,
        93.06603905084745,
        95.38019002711863,
        97.69434100338982,
        100.00849197966102,
        102.3226429559322,
        104.63679393220337,
        106.95094490847457,
        109.26509588474576,
        111.57924686101694,
        113.89339783728812,
        116.20754881355931,
        118.5216997898305,
        120.83585076610169,
        123.15000174237287,
        125.46415271864406,
        127.77830369491525,
        130.09245467118643,
        132.4066056474576,
        134.7207566237288,
        137.0349076
      ],
      "survival": [
        1.0,
        0.9991483557146681,
        0.9991483557146681,
        0.9982875827060357,
        0.9981283695539442,
        0.9977542368775274,
        0.9974218678392078,
        0.9966524182134132,
        0.9956952314885094,
        0.993905267133684,
        0.9926723823180446,
        0.9920943113567996,
        0.9899158994378466,
        0.9874185414549425,
        0.9855104285918793,
        0.9821730714073837,
        0.9785089735943133,
        0.9785089735943133,
        0.9785089735943133,
        0.9745569434546677,
        0.9720382601083117,
        0.9702091427058737,
        0.9658217689333123,
        0.9632077496891065,
        0.9579614221321048,
        0.9552381101646209,
        0.9523211026334836,
        0.9470950640775267,
        0.9444283256902718,
        0.9430776904881808,
        0.939862393228401,
        0.931825336261934,
        0.931825336261934,
        0.9270318098978052,
        0.9201174448340587,
        0.9163148370537136,
        0.9094914525936851,
        0.9069633145482864,
        0.9034720913443393,
        0.8995364567548287,
        0.8995364567548287,
        0.888256121240512,
        0.888256121240512,
        0.8786091226117905,
        0.8786091226117905,
        0.8786091226117905,
        0.8575431745986074,
        0.8559041752980017,
        0.8559041752980017,
        0.8559041752980017,
        0.8559041752980017,
        0.8082652354663591,
        0.8082652354663591,
        0.8082652354663591,
        0.8082652354663591,
        0.8082652354663591,
        0.8082652354663591,
        0.8082652354663591,
        0.8082652354663591,
        0.8082652354663591
      ],
      "top_coefficients": [
        {
          "feature": "cat__pT_pTX",
          "coef": 4.2990223408136075,
          "hazard_ratio": 73.62777562955038,
          "p": 0.0007839394466550103
        },
        {
          "feature": "cat__Grade_Missing",
          "coef": 0.9298281102684826,
          "hazard_ratio": 2.5340735589560452,
          "p": 0.016000606343925035
        },
        {
          "feature": "num__Positive_axillary_lymph_nodes",
          "coef": 0.23803721917281914,
          "hazard_ratio": 1.268756414010377,
          "p": 0.03396438042797829
        },
        {
          "feature": "cat__pN_pN3",
          "coef": 0.6499288959851656,
          "hazard_ratio": 1.9154046312125366,
          "p": 0.08263920985920796
        },
        {
          "feature": "cat__Adjuvant_endocrine_therapy_No",
          "coef": 0.9151357650776648,
          "hazard_ratio": 2.497114249802392,
          "p": 0.11980003590745594
        },
        {
          "feature": "cat__PAM50_Missing",
          "coef": 0.8677103841485901,
          "hazard_ratio": 2.3814519963258967,
          "p": 0.17219610740233116
        },
        {
          "feature": "cat__pT_pT1",
          "coef": -0.32586102795281896,
          "hazard_ratio": 0.7219055051467967,
          "p": 0.27748967697710525
        },
        {
          "feature": "cat__pN_pN0",
          "coef": -0.3138551463620355,
          "hazard_ratio": 0.7306248541627118,
          "p": 0.2801895105194483
        }
      ]
    },
    "RFS": {
      "label": "无复发生存(RFS)",
      "n_total": 575,
      "n_events": 156,
      "cv_c_index": 0.730936724076481,
      "cv_c_index_ci": [
        0.7097510408979616,
        0.7521224072550005
      ],
      "train_c_index": 0.7856875980770668,
      "test_c_index": 0.7664071190211346,
      "partial_hazard": 0.9646203361642517,
      "median_survival_months": null,
      "milestones": {
        "p_survive_24mo": 0.9363849689306211,
        "p_survive_60mo": 0.8201194436474524,
        "p_survive_120mo": 0.7672902997294694
      },
      "times": [
        0.5,
        2.2027285694915255,
        3.905457138983051,
        5.6081857084745765,
        7.310914277966102,
        9.013642847457628,
        10.716371416949153,
        12.419099986440678,
        14.121828555932204,
        15.82455712542373,
        17.527285694915257,
        19.23001426440678,
        20.932742833898306,
        22.635471403389833,
        24.338199972881355,
        26.040928542372882,
        27.743657111864408,
        29.446385681355935,
        31.14911425084746,
        32.85184282033899,
        34.554571389830514,
        36.25729995932203,
        37.96002852881356,
        39.662757098305086,
        41.36548566779661,
        43.06821423728814,
        44.770942806779665,
        46.47367137627119,
        48.17639994576271,
        49.87912851525424,
        51.581857084745764,
        53.28458565423729,
        54.987314223728816,
        56.69004279322034,
        58.39277136271187,
        60.095499932203396,
        61.79822850169492,
        63.50095707118644,
        65.20368564067797,
        66.9064142101695,
        68.60914277966103,
        70.31187134915254,
        72.01459991864407,
        73.71732848813559,
        75.42005705762712,
        77.12278562711865,
        78.82551419661017,
        80.5282427661017,
        82.23097133559322,
        83.93369990508475,
        85.63642847457628,
        87.3391570440678,
        89.04188561355933,
        90.74461418305086,
        92.44734275254238,
        94.15007132203391,
        95.85279989152542,
        97.55552846101695,
        99.25825703050847,
        100.9609856
      ],